<?xml version="1.0" encoding="UTF-8"?><SplashApplications xmlns="http://chipnet.qualcomm.com/aggregator/splashApplications/v1.0">
  <Bundle>
    <BundleID>337</BundleID>
    <BundleName>QDUTT.WIN.1.5 Installer</BundleName>
    <BundleUrl>http://createpoint.qti.qualcomm.com/tools/link/suite/337/29601</BundleUrl>
    <ReleaseID>29601</ReleaseID>
    <CreatePointUrl>http://createpoint.qti.qualcomm.com/tools/link/suite/337/29601</CreatePointUrl>
    <UpdateCheckUrl>http://createpoint.qti.qualcomm.com/service/public/suite/latest?suiteId=337&amp;releaseId=29601</UpdateCheckUrl>
    <ToolAccessUrl>http://createpoint.qti.qualcomm.com/service/public/auth/tool/access/337</ToolAccessUrl>
  </Bundle>
  <Applications>
    <Application>
      <Name>Qualcomm DDR USB Test Tool</Name>
      <Version>1.5.48</Version>
      <Copyright startYear="2013" endYear="2016"/>
      <SplashImage>./QDUTT_Splash.png</SplashImage>
    </Application>
  </Applications>
</SplashApplications>
