        <!-- added by leadcore start-->   
       <image sign_id="fngap32" name="fngap32.mbn" image_type="elf_has_ht">
            <general_properties_overrides>
                <sw_id>0x000000000000000C</sw_id>
                <app_id>0x0000000000112345</app_id>
            </general_properties_overrides>
        </image>
        <image sign_id="fngap64" name="fngap64.mbn" image_type="elf_has_ht">
            <general_properties_overrides>
                <sw_id>0x000000000000000C</sw_id>
                <app_id>0x0000000000112345</app_id>
            </general_properties_overrides>
        </image>
         <!-- added by leadcore end-->

