    <!-- added by leadcore for fingerprint Service-->
    <hal format="hidl">
        <name>android.hardware.biometrics.fingerprint</name>
        <transport>hwbinder</transport>
        <version>2.1</version>
        <interface>
            <name>IBiometricsFingerprint</name>
            <instance>default</instance>
        </interface>
    </hal>
    <!-- added by leadcore for fingerprint factory mode test-->
    <hal format="hidl">
        <name>android.hardware.fpsensorhidlsvc</name>
        <transport>hwbinder</transport>
        <version>2.0</version>
        <interface>
            <name>IFpsensorHidlSvc</name>
            <instance>default</instance>
        </interface>
    </hal>
	
	